{"intents": [
  {"tag": "greetings",
  "patterns": ["hello","hey","hi","good day","Greetings","what's up?","how is it going?"],
  "responses": ["Hello!","Hey!","What can I do for you?"]
  },

  {"tag": "name",
  "patterns": ["what is your name","name","what's your name","who are you","what should I call you"],
  "responses": ["You can call me SAC","I'm SAC","I'm SAC your virtual assistant"]
  },

  {"tag": "courses",
  "patterns": ["what courses are available", "how many courses are there in this college"],
  "responses": ["Download the bylaw from this link to know more about the courses & FCAI system: https://drive.google.com/drive/folders/1l86XwjE5JUp-0EgsVbknzlq15w-19Nof?usp=sharing"]
  },

   {"tag": "courseDuration",
  "patterns": ["how long will it take to finish all courses", "how long will it take to graduate"],
  "responses": ["4 years"]
  },

   {"tag": "Location",
  "patterns": ["location","where is it located","what is the location of the college"],
  "responses": ["Faculty of Computers and Artificial Intelligence, Cairo University is located in  26H2+4HP, Ad Doqi, Dokki, Giza Governorate."]
  },

  {"tag": "semesters",
  "patterns": ["how many semesters are there in a year","how many semesters one should study in a year"],
  "responses": ["There are two semesters in a year, 4 years for bachelor."]
  },

  {"tag": "semDuration",
  "patterns": ["how many months are there in a semester","how long will be a single semester"],
  "responses": ["The single semester will be around 4 months including the exams."]
  },

  {"tag": "studentRequirements",
  "patterns": ["what are the student requirements for admission","entry requirements","admission requirements"],
  "responses": ["Academic Level\nHigh school diploma (65% or higher for non-egyptians)"]
  },

  {"tag": "classes",
  "patterns": ["how many classes will be there in a day","how long are the classes?"],
  "responses": ["There may be two or three classes per day. Each class will be of 1:45 hour."]
  },

  {"tag": "teachingStyle",
  "patterns": ["what is the teaching style of this college?","what is the teaching format?"],
  "responses": ["Our college teaching pattern is based on the credit hours system, and the academic year is divided into two semesters\nregular students, and the credit hour is an academic unit of measurement to determine the weight of the course. \nYou can provide us with your contact details and our counselors shall reach out to you and provide you with further details."]
  },

  {"tag": "exams",
  "patterns": ["what are the exams like?","What is the exam pattern"],
  "responses": ["There are assignments which carry weight like your written exams. The assignments have deadlines which you should not exceed if you want to get better marks."]
  },

  {"tag": "hours",
  "patterns": ["what are your hours","when are you guys open","what your hours of operation"],
  "responses": ["You can message us here at any hours. But our college premises will be open from 9:00 am to 2:00 pm only."]
  },

  {"tag": "funActivities",
  "patterns": ["will there be any extra curriculum activities?","does the college conducts any fun program"],
  "responses": ["Yes, Of course. Our college not only provides excellent education but also encourage students to take part in different curriculum activities. The college conducts yearly programs like Sports meet, Carnival and holi festivals. \n Also our college has football court, badminton court, table tennis, chess and many more refreshment zones."]
  },

  {"tag": "facilities",
  "patterns": ["what facilities are provided by the college?","what are the facilities of college for students", "what are the college infrastructures "],
  "responses": ["With excellent education facilities, Our College provides various other facilities like  library, classes with AC, discussion rooms, cafeteria, parking space, and student affairs for any students queries."]
  },

  {"tag": "fee",
  "patterns": ["how much is the college fee","what is the fee structure","what is the college fees?","what is the college fee?"],
  "responses": ["For non-egyptians students: \n 6500$ in the first year (650$ for sudanese)\n 5000$ in the 2nd,2rd,4th year (500$ for sudanese) \n 500EGP For the Egyptians "]
  },

  {"tag": "goodbye",
  "patterns": ["cya","See you later","Goodbye","I am leaving","Have a Good Day","bye","see ya"],
  "responses": ["Sad to see you go :(","Talk you later","Goodbye"]
  },

  {"tag": "summer",
  "patterns": ["when is the summer course?"],
  "responses": ["After the end of the second semester of each year, often at August \n and for 6 weeks including exams "]
  },
  {"tag": "invalid",
    "patterns": ["","gvsd","asbhk"],
    "responses": ["Sorry, can't understand you", "Please give me more info", "Not sure I understand"]
  },

  {"tag": "thanks",
    "patterns": ["Thanks", "Thank you", "That's helpful", "Awesome, thanks", "Thanks for helping me"],
    "responses": ["Happy to help!", "Any time!", "My pleasure"]
  }
]}